kirill, 943580553, /int 9 * 9, /15/09/22 17:05
kirill, 943580553, /int 9 * 8, /15/09/22 17:07
kirill, 943580553, /int 8 * 8, /15/09/22 17:10
kirill, 943580553, /int 9 - 6, /15/09/22 17:10
Анатолий Разоренов, 374432679, /int 5 4 +, /15/09/22 17:26
Анатолий Разоренов, 374432679, /int 5 + 4, /15/09/22 17:27
kirill, 943580553, /int 85 - 69, /15/09/22 17:42
kirill, 943580553, /int 4 - 5, /15/09/22 19:17
kirill, 943580553, /int 99 * 5, /15/09/22 19:47
kirill, 943580553, /int 262/98, /15/09/22 19:49
kirill, 943580553, /int 1 + 1, /15/09/22 19:50
kirill, 943580553, /int 262 / 33, /15/09/22 19:50
Vadim, 1630310654, /int 5+287, /15/09/22 19:59
Vadim, 1630310654, /int 5 * 220, /15/09/22 20:00
kirill, 943580553, /int 65 + 654, /15/09/22 20:19
Leonidos, 377502369, /int 10+777, /15/09/22 20:19
Leonidos, 377502369, /int 10 + 88888, /15/09/22 20:20
Leonidos, 377502369, /int 10111 + 7777777777777, /15/09/22 20:20
Artyom, 1283204053, /int, /15/09/22 20:42
Artyom, 1283204053, /int, /15/09/22 20:42
Artyom, 1283204053, /int x, /15/09/22 20:42
Artyom, 1283204053, /int 3+5, /15/09/22 20:46
Artyom, 1283204053, /int 3*5, /15/09/22 20:46
Artyom, 1283204053, /int 3x5, /15/09/22 20:46
Artyom, 1283204053, /int 3 + 5, /15/09/22 20:47
Artyom, 1283204053, /int 3 * 5, /15/09/22 20:48
Artyom, 1283204053, /int 3 / 0, /15/09/22 20:49
kirill, 943580553, /int 994 / 0, /15/09/22 20:55
kirill, 943580553, /int 55 * 6, /15/09/22 21:10
kirill, 943580553, /c 56+9, /17/09/22 13:05
kirill, 943580553, /c 61*598, /17/09/22 14:52
kirill, 943580553, /c, /17/09/22 14:53
kirill, 943580553, /c 2+3, /17/09/22 14:54
kirill, 943580553, /c d4+54, /17/09/22 14:54
kirill, 943580553, /c 626/6+, /17/09/22 14:57
kirill, 943580553, /c 51+52, /17/09/22 14:57
kirill, 943580553, /c 1 + 1, /17/09/22 15:03
kirill, 943580553, /c 1+1, /17/09/22 15:04
kirill, 943580553, /c 5+, /17/09/22 15:08
kirill, 943580553, /c 51/5, /17/09/22 15:08
kirill, 943580553, /c 55+55, /17/09/22 15:13
kirill, 943580553, /c 5+6, /17/09/22 15:15
kirill, 943580553, /c, /17/09/22 15:15
kirill, 943580553, /c 1+1, /17/09/22 15:19
kirill, 943580553, /c 5+5, /17/09/22 15:22
kirill, 943580553, /c 5-1, /17/09/22 15:27
kirill, 943580553, /c 5+5, /17/09/22 15:28
kirill, 943580553, /c 5+5, /17/09/22 15:31
kirill, 943580553, /c 62+5, /17/09/22 15:37
kirill, 943580553, /c 5+55, /17/09/22 15:40
kirill, 943580553, /c 1+1, /17/09/22 15:41
kirill, 943580553, /c      1    + 2, /17/09/22 15:43
kirill, 943580553, /c 2+2, /17/09/22 15:48
kirill, 943580553, /c 2+2, /17/09/22 15:49
kirill, 943580553, /c 1+1, /17/09/22 15:53
kirill, 943580553, /c 2+9, /17/09/22 16:10
kirill, 943580553, /c 6516    /2, /17/09/22 16:10
kirill, 943580553, /c 651651                     /               =6516, /17/09/22 16:12
kirill, 943580553, /r 84/88    + 6/4, /17/09/22 16:38
kirill, 943580553, /i 3453+235, /17/09/22 16:38
kirill, 943580553, /i 22   * 1, /17/09/22 16:39
kirill, 943580553, /r 1/2+1/3, /17/09/22 16:59
kirill, 943580553, /i 1+9, /17/09/22 16:59
kirill, 943580553, /i 65*2, /17/09/22 17:06
kirill, 943580553, /i 5+6, /17/09/22 17:08
kirill, 943580553, /r 5/6 - 1/3, /17/09/22 17:09
kirill, 943580553, /r 1/2+1/2, /17/09/22 17:11
kirill, 943580553, /i 95  - 262, /17/09/22 17:13
kirill, 943580553, /i'klm;n898*7mnmn, /17/09/22 17:13
kirill, 943580553, /r 1/3*1/3, /17/09/22 17:13
kirill, 943580553, /r 1/3*1/2, /17/09/22 17:38
kirill, 943580553, /r 1/3*1/2, /17/09/22 17:39
kirill, 943580553, /r 1/2*1/2, /17/09/22 17:47
kirill, 943580553, /s 1+1, /17/09/22 17:59
kirill, 943580553, /s 1/2*1/2, /17/09/22 18:00
kirill, 943580553, /s 44rghg+543sw, /17/09/22 18:18
kirill, 943580553, /s 44+9, /17/09/22 18:18
kirill, 943580553, /s jdjdhd56-5yhd, /17/09/22 18:18
kirill, 943580553, /s 582-22, /17/09/22 18:20
kirill, 943580553, /s 1+1, /17/09/22 18:21
kirill, 943580553, /s 651    *2, /17/09/22 18:22
kirill, 943580553, /s 1+1, /17/09/22 18:24
kirill, 943580553, /s 1+1, /17/09/22 18:25
kirill, 943580553, /s 1+1, /17/09/22 18:26
kirill, 943580553, /s -1+5, /17/09/22 18:27
kirill, 943580553, /s 1+1, /17/09/22 18:28
kirill, 943580553, /s 1+1, /17/09/22 18:30
kirill, 943580553, /s 1+1, /17/09/22 18:31
kirill, 943580553, /s 652ff61*2, /17/09/22 18:31
kirill, 943580553, /s 651   + 5151, /17/09/22 18:32
kirill, 943580553, /s 1/3*2/6, /17/09/22 18:32
kirill, 943580553, /s 1+1, /17/09/22 18:33
kirill, 943580553, /s 992/82, /17/09/22 18:34
kirill, 943580553, /s 1/2*1/9, /17/09/22 18:34
kirill, 943580553, /s 1+1, /17/09/22 18:35
kirill, 943580553, /s 56*   2, /17/09/22 18:36
kirill, 943580553, /s 1/2*1/5, /17/09/22 18:36
kirill, 943580553, /s 1+1, /17/09/22 18:43
kirill, 943580553, /s 1/2+1/3, /17/09/22 18:43
kirill, 943580553, /s 1/2*1/5, /17/09/22 18:46
kirill, 943580553, /s 1/2*1*8, /17/09/22 18:47
kirill, 943580553, /s 1/5*8/2, /17/09/22 18:58
kirill, 943580553, /s 1/8*5/8, /17/09/22 19:00
kirill, 943580553, /s 1+1, /17/09/22 19:07
kirill, 943580553, /s 61 +    651, /17/09/22 19:07
kirill, 943580553, /s 1/8*2/8, /17/09/22 19:08
kirill, 943580553, /s 1/9/98/5, /17/09/22 19:08
kirill, 943580553, /s 1+1, /17/09/22 19:24
kirill, 943580553, /s 1/2+1/2, /17/09/22 19:25
kirill, 943580553, /s (5+i)+(5+i), /17/09/22 19:25
kirill, 943580553, /s (1+i)*(8-i), /17/09/22 19:28
kirill, 943580553, /s (1+i)*(8-i), /17/09/22 19:29
kirill, 943580553, /s (1+i)*(8-i), /17/09/22 19:30
kirill, 943580553, /s (1+i)*(8-i), /17/09/22 19:32
kirill, 943580553, /s 1/2+1/2, /17/09/22 19:33
kirill, 943580553, /s 1+1, /17/09/22 19:33
kirill, 943580553, /s 1+1, /17/09/22 19:37
kirill, 943580553, /s 1/2+1/2, /17/09/22 19:37
kirill, 943580553, /s 1/2+1/2, /17/09/22 19:44
kirill, 943580553, /s (1+i)*(8-i), /17/09/22 19:44
kirill, 943580553, /s (1+i)*(8-i), /17/09/22 19:46
kirill, 943580553, /s (1+i)*(8-i), /17/09/22 19:49
kirill, 943580553, /s (1+i)*(8-i), /17/09/22 19:50
kirill, 943580553, /s (1+i)*(8-i), /17/09/22 19:52
kirill, 943580553, /s (1+i)*(8-i), /17/09/22 19:52
kirill, 943580553, /s 1/2+1/2, /17/09/22 19:53
kirill, 943580553, /s (1+i)*(8-i), /17/09/22 19:54
kirill, 943580553, /s (1+i)*(8-i), /17/09/22 19:58
kirill, 943580553, /s (1+i)*(8-i), /17/09/22 20:03
kirill, 943580553, /s (1+i)*(8-i), /17/09/22 20:03
kirill, 943580553, /s (1+i)*(8-i), /17/09/22 20:06
kirill, 943580553, /s (1+i)*(8-i), /17/09/22 20:13
kirill, 943580553, /s (1+i)*(8-i), /17/09/22 20:14
kirill, 943580553, /s (1+i)+(8-i), /17/09/22 20:16
kirill, 943580553, /s 4345        *5, /17/09/22 22:05
kirill, 943580553, /s 2/4/2/5, /17/09/22 22:05
kirill, 943580553, /s 5**5, /17/09/22 22:20
kirill, 943580553, /s 4**4, /17/09/22 22:22
kirill, 943580553, /s 4**4, /17/09/22 22:24
kirill, 943580553, /s 1**6, /17/09/22 22:26
kirill, 943580553, /s 1**6, /17/09/22 22:27
kirill, 943580553, /s 5**5, /17/09/22 22:29
kirill, 943580553, /s 5**5, /17/09/22 22:31
kirill, 943580553, /s 1+1, /17/09/22 22:31
kirill, 943580553, /s 5+9, /17/09/22 22:32
kirill, 943580553, /s ====34/     ==2, /17/09/22 22:33
kirill, 943580553, /s 5**5, /17/09/22 22:38
kirill, 943580553, /s 5^5, /17/09/22 22:39
kirill, 943580553, /s 5^5, /17/09/22 22:43
kirill, 943580553, /s 5^5, /17/09/22 22:45
kirill, 943580553, /s 5sqr5, /17/09/22 22:50
kirill, 943580553, /s 5q5, /17/09/22 23:06
kirill, 943580553, /s 5q5, /17/09/22 23:16
kirill, 943580553, /s 5q5, /17/09/22 23:17
kirill, 943580553, /s 5q5, /17/09/22 23:19
kirill, 943580553, /s 5q5, /17/09/22 23:20
kirill, 943580553, /s 1+1, /17/09/22 23:20
kirill, 943580553, /s 1+8, /17/09/22 23:22
kirill, 943580553, /s 2q6, /17/09/22 23:22
kirill, 943580553, /s 2q6, /17/09/22 23:23
kirill, 943580553, /s 2q6, /17/09/22 23:30
kirill, 943580553, /s (5+i)+(3-3i), /17/09/22 23:41
kirill, 943580553, /s 1+1, /18/09/22 18:59
kirill, 943580553, /s 1+1, /18/09/22 19:06
kirill, 943580553, /s 1+1, /18/09/22 19:08
kirill, 943580553, /s 1/0, /18/09/22 19:08
kirill, 943580553, /s 1/5+1/6, /18/09/22 19:08
kirill, 943580553, /s (2-i)+(3-2i), /18/09/22 19:08
kirill, 943580553, /s (2-i)-(3-2i), /18/09/22 19:11
kirill, 943580553, /s (2-i)*(3-2i), /18/09/22 19:11
kirill, 943580553, /s (2-i)*(3-2i), /18/09/22 19:28
kirill, 943580553, /s 1/5+1/6, /18/09/22 19:28
kirill, 943580553, /s (2-i)+(3-2i), /18/09/22 19:46
kirill, 943580553, /s (2-i)+(3-2i), /18/09/22 19:57
kirill, 943580553, /s (2-i)+(3-2i), /18/09/22 19:58
kirill, 943580553, /s (2-i)+(3-2i), /18/09/22 20:00
kirill, 943580553, /s (2-i)+(3-2i), /18/09/22 21:18
kirill, 943580553, /s (2-i)+(3-2i), /18/09/22 21:20
kirill, 943580553, /s (2-i)+(3-2i), /18/09/22 21:27
kirill, 943580553, /s (2-i)+(3-2i), /18/09/22 21:28
kirill, 943580553, /s (2-i)+(3-2i), /18/09/22 21:29
kirill, 943580553, /s (2-i)+(3-2i), /18/09/22 21:31
kirill, 943580553, /s (2-i)+(3-2i), /18/09/22 21:34
kirill, 943580553, /s 34+345, /18/09/22 21:36
kirill, 943580553, /s 1/99*95/5, /18/09/22 21:36
kirill, 943580553, /s (2+i)+(3+2i), /18/09/22 21:37
kirill, 943580553, /s 1/8, /19/09/22 13:40
kirill, 943580553, /s 1*9, /19/09/22 14:48
kirill, 943580553, /s 1*9, /19/09/22 14:57
kirill, 943580553, /s /s (2-i)+(3-2i), /19/09/22 14:57
kirill, 943580553, /s (2-i)+(3-2i), /19/09/22 14:57
kirill, 943580553, /s (2-i)+(3-2i), /19/09/22 14:59
kirill, 943580553, /s (2-i)+(3-2i), /19/09/22 15:00
kirill, 943580553, /s (2-i)+(3-2i), /19/09/22 15:00
kirill, 943580553, /s (2-i)+(3-2i), /19/09/22 15:01
kirill, 943580553, /s (2-i)+(3-2i)., /19/09/22 15:04
kirill, 943580553, /s (2-i)+(3-2i), /19/09/22 15:04
kirill, 943580553, /s (2-3i)+(3-2i), /19/09/22 15:06
kirill, 943580553, /s (2-3i)+(3-2i), /19/09/22 15:08
kirill, 943580553, /s (-3i)*(2-i), /19/09/22 15:13
kirill, 943580553, /s (2-3i)+(3-2i), /19/09/22 15:51
kirill, 943580553, /s (2-3i)+(3-2i), /19/09/22 15:52
kirill, 943580553, /s (2-3i)+(3-2i), /19/09/22 15:53
kirill, 943580553, /s (2-3i)+(3-2i), /19/09/22 15:57
kirill, 943580553, /s (5+4i)/(2+2i), /19/09/22 15:59
kirill, 943580553, /s (4i)/(2+2i), /19/09/22 16:03
kirill, 943580553, /s (4i)/(2+2i), /19/09/22 16:09
kirill, 943580553, /s (1+i)*(1+1), /19/09/22 16:10
kirill, 943580553, /s (1+i)*(1+1), /19/09/22 16:11
kirill, 943580553, /s (1+i)*(1+i), /19/09/22 16:11
kirill, 943580553, /s (1+3i)*(1+2i), /19/09/22 16:12
Vadim, 1630310654, /s, /19/09/22 16:15
Vadim, 1630310654, /s 5, /19/09/22 16:15
Vadim, 1630310654, /s еврей бля, /19/09/22 16:15
Vadim, 1630310654, /s 4+6, /19/09/22 16:16
kirill, 943580553, /s *, /19/09/22 16:29
kirill, 943580553, /s 6*8, /19/09/22 16:30
kirill, 943580553, /s 1/5*1/9, /19/09/22 16:30
kirill, 943580553, /s (5+4i)/(6-2i), /19/09/22 16:31
kirill, 943580553, /s 3+4, /19/09/22 16:46
Vadim, 1630310654, /s - 5/6-7/9, /19/09/22 16:53
Vadim, 1630310654, /s - 5/6/-7/9, /19/09/22 16:54
kirill, 943580553, /s -1/5/-1/8, /19/09/22 16:57
kirill, 943580553, /s -1/5/1/8, /19/09/22 16:57
Vadim, 1630310654, /s (-4+6i)/(-8+9i), /19/09/22 16:58
Vadim, 1630310654, /s (-4+6i)/(9i), /19/09/22 16:58
Vadim, 1630310654, /s (-4+6i)/(9i), /19/09/22 16:58
Vadim, 1630310654, /s (-4i+6)/(5+9i), /19/09/22 16:59
Vadim, 1630310654, /s (-4+6i)/(5+9i), /19/09/22 17:00
kirill, 943580553, /s (-4+6i)/(5+9i), /19/09/22 17:01
kirill, 943580553, /s 0/3/9/0, /19/09/22 17:20
kirill, 943580553, /s 0/3/9/0, /19/09/22 17:23
kirill, 943580553, /s 1/3+1/0, /19/09/22 17:23
kirill, 943580553, /s 1/3+1/0, /19/09/22 17:26
kirill, 943580553, /s 5*8, /19/09/22 18:53
Ivan, 885054980, /s, /19/09/22 18:54
Ivan, 885054980, /s  5+5, /19/09/22 18:55
Ivan, 885054980, /s 5+6*2, /19/09/22 18:55
Ivan, 885054980, /s 5+6, /19/09/22 18:56
Ivan, 885054980, /s 5+6*2, /19/09/22 18:56
Ivan, 885054980, /s 5+-1, /19/09/22 18:56
Ivan, 885054980, /s 5-2, /19/09/22 18:56
Ivan, 885054980, /s 5+5+5, /19/09/22 18:58
kirill, 943580553, /s    5+5, /19/09/22 19:05
kirill, 943580553, /s 5+6*4, /19/09/22 19:05
kirill, 943580553, /s 5+-5, /19/09/22 19:06
kirill, 943580553, /s  25+25, /19/09/22 19:47
kirill, 943580553, /s (4+2i)*(2-4i), /19/09/22 19:55
